0,examples/gridphysics/aliens.txt
1,examples/gridphysics/angelsdemons.txt
2,examples/gridphysics/assemblyline.txt
3,examples/gridphysics/avoidgeorge.txt
4,examples/gridphysics/bait.txt
5,examples/gridphysics/beltmanager.txt
6,examples/gridphysics/blacksmoke.txt
7,examples/gridphysics/boloadventures.txt
8,examples/gridphysics/bomber.txt
9,examples/gridphysics/bomberman.txt
10,examples/gridphysics/boulderchase.txt
11,examples/gridphysics/boulderdash.txt
12,examples/gridphysics/brainman.txt
13,examples/gridphysics/butterflies.txt
14,examples/gridphysics/cakybaky.txt
15,examples/gridphysics/camelRace.txt
16,examples/gridphysics/catapults.txt
17,examples/gridphysics/chainreaction.txt
18,examples/gridphysics/chase.txt
19,examples/gridphysics/chipschallenge.txt
20,examples/gridphysics/chopper.txt
21,examples/gridphysics/circuit.txt
22,examples/gridphysics/clusters.txt
23,examples/gridphysics/colourescape.txt
24,examples/gridphysics/cookmepasta.txt
25,examples/gridphysics/cops.txt
26,examples/gridphysics/crossfire.txt
27,examples/gridphysics/defem.txt
28,examples/gridphysics/defender.txt
29,examples/gridphysics/deflection.txt
30,examples/gridphysics/digdug.txt
31,examples/gridphysics/donkeykong.txt
32,examples/gridphysics/doorkoban.txt
33,examples/gridphysics/dungeon.txt
34,examples/gridphysics/eggomania.txt
35,examples/gridphysics/eighthpassenger.txt
36,examples/gridphysics/enemycitadel.txt
37,examples/gridphysics/escape.txt
38,examples/gridphysics/explore.txt
39,examples/gridphysics/factorymanager.txt
40,examples/gridphysics/firecaster.txt
41,examples/gridphysics/fireman.txt
42,examples/gridphysics/firestorms.txt
43,examples/gridphysics/freeway.txt
44,examples/gridphysics/frogs.txt
45,examples/gridphysics/garbagecollector.txt
46,examples/gridphysics/ghostbuster.txt
47,examples/gridphysics/glow.txt
48,examples/gridphysics/grow.txt
49,examples/gridphysics/gymkhana.txt
50,examples/gridphysics/hungrybirds.txt
